时间节点,计算日期,品种,Index价格,运费(BCI-C5),典型值铁,典型值水,折扣,汇率,PLATTS LP,进口成本,销售价_平均,销售价_RZ,销售价_TJ,进口利润,进口利润_RZ,进口利润_TJ,数据状态,销售价格
M-3,2026-06-01,PB粉,104.75,12.165,60.8,8.8,0.0,6.7954,0.1883,762.29,673.0,665.0,681.0,-89.29,-97.29,-81.29,正常,
M-3,2026-06-01,纽曼粉,104.75,12.165,61.2,8.3,-1.74,6.7954,0.1883,757.76,,,,,,,缺少销售价格,
M-3,2026-06-01,麦克粉,104.75,12.165,60.5,8.5,-1.51,6.7954,0.1883,750.61,672.0,665.0,679.0,-78.61,-85.61,-71.61,正常,
M-3,2026-06-01,金布巴粉,104.75,12.165,60.3,7.6,-6.09,6.7954,0.1883,722.16,664.5,655.0,674.0,-57.66,-67.16,-48.16,正常,
M-3,2026-06-01,罗伊山粉,104.75,12.165,60.7,9.0,0.0,6.7954,0.1883,759.84,660.0,656.0,664.0,-99.84,-103.84,-95.84,正常,
M-3,2026-06-01,巴混BRBF,106.0262,12.165,63.0,7.5,0.0,6.7954,0.1883,795.24,727.5,721.0,734.0,-67.74,-74.24,-61.24,正常,
M-3,2026-06-01,SP10粉,104.75,12.165,56.5,7.5,0.136,6.7954,0.1883,643.67,,,,,,,缺少销售价格,
M-3,2026-06-01,混合粉,104.75,12.165,58.2,8.0,0.0925,6.7954,0.1883,683.26,634.0,633.0,635.0,-49.26,-50.26,-48.26,正常,
M-3,2026-06-01,超特粉,104.75,12.165,56.5,9.5,0.1825,6.7954,0.1883,605.03,539.0,533.0,545.0,-66.03,-72.03,-60.03,正常,
M-3,2026-06-01,IOC6粉,104.75,12.165,61.5,9.0,-7.5,6.7954,0.1883,715.56,664.0,654.0,674.0,-51.56,-61.56,-41.56,正常,
M-3,2026-06-01,印粉57,104.75,12.165,57.0,8.0,0.0,6.7954,0.1883,564.78,515.5,527.0,504.0,-49.28,-37.78,-60.78,正常,
M-3,2026-06-01,印粉54,104.75,12.165,54.5,9.0,0.0,6.7954,0.1883,694.83,,,,,,,缺少销售价格,
M-3,2026-06-01,卡粉,116.3695,12.165,65.0,8.5,0.0,6.7954,0.1883,847.63,842.0,840.0,844.0,-5.63,-7.63,-3.63,正常,
M-3,2026-06-01,乌精68,116.3695,12.165,68.0,9.0,0.0,6.7954,0.1883,880.69,,,,,,,缺少销售价格,
M-3,2026-06-01,乌精65,116.3695,12.165,65.0,9.0,-3.468182,6.7954,0.1883,818.93,853.0,852.0,854.0,34.07,33.07,35.07,正常,
M-3,2026-06-01,PB块,104.75,12.165,61.6,4.0,0.0,6.7954,0.1883,887.16,860.0,855.0,865.0,-27.16,-32.16,-22.16,正常,
M-3,2026-06-01,纽曼块,104.75,12.165,62.0,4.1,0.0,6.7954,0.1883,900.1,867.0,863.0,871.0,-33.1,-37.1,-29.1,正常,
M-3,2026-06-01,SP10块,104.75,12.165,58.7,4.2,0.057,6.7954,0.1883,811.08,,,,,,,缺少销售价格,
M-3,2026-06-01,罗伊山块,104.75,12.165,60.5,4.8,0.028,6.7954,0.1883,849.39,822.5,835.0,810.0,-26.89,-14.39,-39.39,正常,
M-2,2026-07-01,PB粉,97.63,12.4272,60.8,8.8,0.0,6.7938,0.22,712.44,673.0,665.0,681.0,-39.44,-47.44,-31.44,正常,
M-2,2026-07-01,纽曼粉,97.587,12.4272,61.2,8.3,-1.33,6.7938,0.22,709.88,,,,,,,缺少销售价格,
M-2,2026-07-01,麦克粉,97.587,12.4272,60.5,8.5,-1.33,6.7938,0.22,701.83,672.0,665.0,679.0,-29.83,-36.83,-22.83,正常,
M-2,2026-07-01,金布巴粉,96.5701,12.4272,60.3,7.6,-5.98,6.7938,0.22,665.43,664.5,655.0,674.0,-0.93,-10.43,8.57,正常,
M-2,2026-07-01,罗伊山粉,97.63,12.4272,60.7,9.0,0.0,6.7938,0.22,710.19,660.0,656.0,664.0,-50.19,-54.19,-46.19,正常,
M-2,2026-07-01,巴混BRBF,104.1643,12.4272,63.0,7.5,0.0,6.7938,0.22,781.62,727.5,721.0,734.0,-54.12,-60.62,-47.62,正常,
M-2,2026-07-01,SP10粉,97.63,12.4272,56.5,7.5,0.177,6.7938,0.22,580.77,,,,,,,缺少销售价格,
M-2,2026-07-01,混合粉,97.587,12.4272,58.2,8.0,0.1025,6.7938,0.22,633.91,634.0,633.0,635.0,0.09,-0.91,1.09,正常,
M-2,2026-07-01,超特粉,97.587,12.4272,56.5,9.5,0.18,6.7938,0.22,569.07,539.0,533.0,545.0,-30.07,-36.07,-24.07,正常,
M-2,2026-07-01,IOC6粉,97.63,12.4272,61.5,9.0,-6.504348,6.7938,0.22,672.2,664.0,654.0,674.0,-8.2,-18.2,1.8,正常,
M-2,2026-07-01,印粉57,97.63,12.4272,57.0,8.0,0.0,6.7938,0.22,522.63,515.5,527.0,504.0,-7.13,4.37,-18.63,正常,
M-2,2026-07-01,印粉54,97.63,12.4272,54.5,9.0,0.0,6.7938,0.22,650.46,,,,,,,缺少销售价格,
M-2,2026-07-01,卡粉,114.2691,12.4272,65.0,8.5,0.0,6.7938,0.22,832.67,842.0,840.0,844.0,9.33,7.33,11.33,正常,
M-2,2026-07-01,乌精68,114.2691,12.4272,68.0,9.0,0.0,6.7938,0.22,865.13,,,,,,,缺少销售价格,
M-2,2026-07-01,乌精65,114.2691,12.4272,65.0,9.0,-2.765217,6.7938,0.22,808.97,853.0,852.0,854.0,44.03,43.03,45.03,正常,
M-2,2026-07-01,PB块,97.63,12.4272,61.6,4.0,0.0,6.7938,0.22,848.23,860.0,855.0,865.0,11.77,6.77,16.77,正常,
M-2,2026-07-01,纽曼块,97.63,12.4272,62.0,4.1,0.0,6.7938,0.22,861.07,867.0,863.0,871.0,5.93,1.93,9.93,正常,
M-2,2026-07-01,SP10块,97.63,12.4272,58.7,4.2,0.0555,6.7938,0.22,777.41,,,,,,,缺少销售价格,
M-2,2026-07-01,罗伊山块,97.63,12.4272,60.5,4.8,0.028,6.7938,0.22,812.64,822.5,835.0,810.0,9.86,22.36,-2.64,正常,
M-1,2026-08-01,PB粉,,14.90625,60.8,8.8,0.0,6.755183870967742,0.2658999999999999,,,,,,,,数据缺失,
M-1,2026-08-01,纽曼粉,,14.90625,61.2,8.3,-1.13,6.755183870967742,0.2658999999999999,,,,,,,,数据缺失,
M-1,2026-08-01,麦克粉,,14.90625,60.5,8.5,-0.75,6.755183870967742,0.2658999999999999,,,,,,,,数据缺失,
M-1,2026-08-01,金布巴粉,,14.90625,60.3,7.6,-5.35,6.755183870967742,0.2658999999999999,,,,,,,,数据缺失,
M-1,2026-08-01,罗伊山粉,,14.90625,60.7,9.0,0.0,6.755183870967742,0.2658999999999999,,,,,,,,数据缺失,
M-1,2026-08-01,巴混BRBF,101.2315,14.9062,63.0,7.5,0.0,6.7552,0.2659,756.31,727.5,721.0,734.0,-28.81,-35.31,-22.31,正常,
M-1,2026-08-01,SP10粉,,14.90625,56.5,7.5,0.152,6.755183870967742,0.2658999999999999,,,,,,,,数据缺失,
M-1,2026-08-01,混合粉,,14.90625,58.2,8.0,0.1075,6.755183870967742,0.2658999999999999,,,,,,,,数据缺失,
M-1,2026-08-01,超特粉,,14.90625,56.5,9.5,0.21,6.755183870967742,0.2658999999999999,,,,,,,,数据缺失,
M-1,2026-08-01,IOC6粉,,14.90625,61.5,9.0,-5.680952380952379,6.755183870967742,0.2658999999999999,,,,,,,,数据缺失,
M-1,2026-08-01,印粉57,,14.90625,57.0,8.0,0.0,6.755183870967742,0.2658999999999999,,,,,,,,数据缺失,
M-1,2026-08-01,印粉54,,14.90625,54.5,9.0,0.0,6.755183870967742,0.2658999999999999,,,,,,,,数据缺失,
M-1,2026-08-01,卡粉,112.324,14.9062,65.0,8.5,0.0,6.7552,0.2659,814.53,842.0,840.0,844.0,27.47,25.47,29.47,正常,
M-1,2026-08-01,乌精68,112.324,14.9062,68.0,9.0,0.0,6.7552,0.2659,846.25,,,,,,,缺少销售价格,
M-1,2026-08-01,乌精65,112.324,14.9062,65.0,9.0,-1.5,6.7552,0.2659,799.82,853.0,852.0,854.0,53.18,52.18,54.18,正常,
M-1,2026-08-01,PB块,,14.90625,61.6,4.0,0.0,6.755183870967742,0.2658999999999999,,,,,,,,数据缺失,
M-1,2026-08-01,纽曼块,,14.90625,62.0,4.1,0.0,6.755183870967742,0.2658999999999999,,,,,,,,数据缺失,
M-1,2026-08-01,SP10块,,14.90625,58.7,4.2,0.051,6.755183870967742,0.2658999999999999,,,,,,,,数据缺失,
M-1,2026-08-01,罗伊山块,,14.90625,60.5,4.8,0.028,6.755183870967742,0.2658999999999999,,,,,,,,数据缺失,
Last_Index_Day,2026-09-28,PB粉,96.8,14.335,60.8,8.8,0.0,6.7315,0.236,700.62,673.0,665.0,681.0,-27.62,-35.62,-19.62,正常,
Last_Index_Day,2026-09-28,纽曼粉,95.225,14.335,61.2,8.3,-0.62,6.7315,0.236,692.07,,,,,,,缺少销售价格,
Last_Index_Day,2026-09-28,麦克粉,95.225,14.335,60.5,8.5,-0.12,6.7315,0.236,687.98,672.0,665.0,679.0,-15.98,-22.98,-8.98,正常,
Last_Index_Day,2026-09-28,金布巴粉,93.8892,14.335,60.3,7.6,-4.05,6.7315,0.236,654.64,664.5,655.0,674.0,9.86,0.36,19.36,正常,
Last_Index_Day,2026-09-28,罗伊山粉,96.8,14.335,60.7,9.0,0.0,6.7315,0.236,698.47,660.0,656.0,664.0,-38.47,-42.47,-34.47,正常,
Last_Index_Day,2026-09-28,巴混BRBF,99.45,14.335,63.0,7.5,0.0,6.7315,0.236,741.03,727.5,721.0,734.0,-13.53,-20.03,-7.03,正常,
Last_Index_Day,2026-09-28,SP10粉,96.8,14.335,56.5,7.5,0.143,6.7315,0.236,592.65,,,,,,,缺少销售价格,
Last_Index_Day,2026-09-28,混合粉,95.225,14.335,58.2,8.0,0.0675,6.7315,0.236,634.91,634.0,633.0,635.0,-0.91,-1.91,0.09,正常,
Last_Index_Day,2026-09-28,超特粉,95.225,14.335,56.5,9.5,0.21,6.7315,0.236,540.22,539.0,533.0,545.0,-1.22,-7.22,4.78,正常,
Last_Index_Day,2026-09-28,IOC6粉,96.8,14.335,61.5,9.0,-5.6,6.7315,0.236,666.78,664.0,654.0,674.0,-2.78,-12.78,7.22,正常,
Last_Index_Day,2026-09-28,印粉57,96.8,14.335,57.0,8.0,0.0,6.7315,0.236,530.36,515.5,527.0,504.0,-14.86,-3.36,-26.36,正常,
Last_Index_Day,2026-09-28,印粉54,96.8,14.335,54.5,9.0,0.0,6.7315,0.236,641.33,,,,,,,缺少销售价格,
Last_Index_Day,2026-09-28,卡粉,109.8,14.335,65.0,8.5,0.0,6.7315,0.236,794.21,842.0,840.0,844.0,47.79,45.79,49.79,正常,
Last_Index_Day,2026-09-28,乌精68,109.8,14.335,68.0,9.0,0.0,6.7315,0.236,825.11,,,,,,,缺少销售价格,
Last_Index_Day,2026-09-28,乌精65,109.8,14.335,65.0,9.0,-1.5,6.7315,0.236,779.65,853.0,852.0,854.0,73.35,72.35,74.35,正常,
Last_Index_Day,2026-09-28,PB块,96.8,14.335,61.6,4.0,0.0,6.7315,0.236,841.03,860.0,855.0,865.0,18.97,13.97,23.97,正常,
Last_Index_Day,2026-09-28,纽曼块,96.8,14.335,62.0,4.1,0.0,6.7315,0.236,854.54,867.0,863.0,871.0,12.46,8.46,16.46,正常,
Last_Index_Day,2026-09-28,SP10块,96.8,14.335,58.7,4.2,0.045,6.7315,0.236,779.34,,,,,,,缺少销售价格,
Last_Index_Day,2026-09-28,罗伊山块,96.8,14.335,60.5,4.8,0.028,6.7315,0.236,806.52,822.5,835.0,810.0,15.98,28.48,3.48,正常,
M,2026-09-01,PB粉,96.8,16.88,60.8,8.8,0.0,6.7269,0.236,700.39,673.0,665.0,681.0,-27.39,-35.39,-19.39,正常,
M,2026-09-01,纽曼粉,96.8,16.88,61.2,8.3,-0.62,6.7269,0.236,702.63,,,,,,,缺少销售价格,
M,2026-09-01,麦克粉,96.8,16.88,60.5,8.5,-0.12,6.7269,0.236,698.66,672.0,665.0,679.0,-26.66,-33.66,-19.66,正常,
M,2026-09-01,金布巴粉,96.8,16.88,60.3,7.6,-4.05,6.7269,0.236,674.56,664.5,655.0,674.0,-10.06,-19.56,-0.56,正常,
M,2026-09-01,罗伊山粉,96.8,16.88,60.7,9.0,0.0,6.7269,0.236,698.32,660.0,656.0,664.0,-38.32,-42.32,-34.32,正常,
M,2026-09-01,巴混BRBF,96.8,16.88,63.0,7.5,0.0,6.7269,0.236,721.6,727.5,721.0,734.0,5.9,-0.6,12.4,正常,
M,2026-09-01,SP10粉,96.8,16.88,56.5,7.5,0.143,6.7269,0.236,596.17,,,,,,,缺少销售价格,
M,2026-09-01,混合粉,96.8,16.88,58.2,8.0,0.0675,6.7269,0.236,646.43,634.0,633.0,635.0,-12.43,-13.43,-11.43,正常,
M,2026-09-01,超特粉,96.8,16.88,56.5,9.5,0.21,6.7269,0.236,553.21,539.0,533.0,545.0,-14.21,-20.21,-8.21,正常,
M,2026-09-01,IOC6粉,96.8,16.88,61.5,9.0,-5.6,6.7269,0.236,666.34,664.0,654.0,674.0,-2.34,-12.34,7.66,正常,
M,2026-09-01,印粉57,96.8,16.88,57.0,8.0,0.0,6.7269,0.236,670.97,515.5,527.0,504.0,-155.47,-143.97,-166.97,正常,
M,2026-09-01,印粉54,96.8,16.88,54.5,9.0,0.0,6.7269,0.236,643.16,,,,,,,缺少销售价格,
M,2026-09-01,卡粉,96.8,16.88,65.0,8.5,0.0,6.7269,0.236,703.27,842.0,840.0,844.0,138.73,136.73,140.73,正常,
M,2026-09-01,乌精68,96.8,16.88,68.0,9.0,0.0,6.7269,0.236,730.49,,,,,,,缺少销售价格,
M,2026-09-01,乌精65,96.8,16.88,65.0,9.0,-1.5,6.7269,0.236,689.21,853.0,852.0,854.0,163.79,162.79,164.79,正常,
M,2026-09-01,PB块,96.8,16.88,61.6,4.0,0.0,6.7269,0.236,839.43,860.0,855.0,865.0,20.57,15.57,25.57,正常,
M,2026-09-01,纽曼块,96.8,16.88,62.0,4.1,0.0,6.7269,0.236,854.0,867.0,863.0,871.0,13.0,9.0,17.0,正常,
M,2026-09-01,SP10块,96.8,16.88,58.7,4.2,0.045,6.7269,0.236,779.66,,,,,,,缺少销售价格,
M,2026-09-01,罗伊山块,96.8,16.88,60.5,4.8,0.028,6.7269,0.236,806.03,822.5,835.0,810.0,16.47,28.97,3.97,正常,
M+1,2026-10-01,PB粉,94.64,14.335,60.8,8.8,0.0,6.7276,0.236,685.31,673.0,665.0,681.0,-12.31,-20.31,-4.31,正常,
M+1,2026-10-01,纽曼粉,94.64,14.335,61.2,8.3,-0.42,6.7276,0.236,688.99,,,,,,,缺少销售价格,
M+1,2026-10-01,麦克粉,94.64,14.335,60.5,8.5,-0.27,6.7276,0.236,682.52,672.0,665.0,679.0,-10.52,-17.52,-3.52,正常,
M+1,2026-10-01,金布巴粉,94.64,14.335,60.3,7.6,-3.8,6.7276,0.236,661.25,664.5,655.0,674.0,3.25,-6.25,12.75,正常,
M+1,2026-10-01,罗伊山粉,94.64,14.335,60.7,9.0,0.0,6.7276,0.236,683.21,660.0,656.0,664.0,-23.21,-27.21,-19.21,正常,
M+1,2026-10-01,巴混BRBF,94.64,14.335,63.0,7.5,0.0,6.7276,0.236,706.24,727.5,721.0,734.0,21.26,14.76,27.76,正常,
M+1,2026-10-01,SP10粉,94.64,14.335,56.5,7.5,0.105,6.7276,0.236,599.84,,,,,,,缺少销售价格,
M+1,2026-10-01,混合粉,94.64,14.335,58.2,8.0,0.0675,6.7276,0.236,630.92,634.0,633.0,635.0,3.08,2.08,4.08,正常,
M+1,2026-10-01,超特粉,94.64,14.335,56.5,9.5,0.21,6.7276,0.236,536.98,539.0,533.0,545.0,2.02,-3.98,8.02,正常,
M+1,2026-10-01,IOC6粉,94.64,14.335,61.5,9.0,-5.6,6.7276,0.236,651.34,664.0,654.0,674.0,12.66,2.66,22.66,正常,
M+1,2026-10-01,印粉57,94.64,14.335,57.0,8.0,0.0,6.7276,0.236,655.66,515.5,527.0,504.0,-140.16,-128.66,-151.66,正常,
M+1,2026-10-01,印粉54,94.64,14.335,54.5,9.0,0.0,6.7276,0.236,627.62,,,,,,,缺少销售价格,
M+1,2026-10-01,卡粉,94.64,14.335,65.0,8.5,0.0,6.7276,0.236,688.32,842.0,840.0,844.0,153.68,151.68,155.68,正常,
M+1,2026-10-01,乌精68,94.64,14.335,68.0,9.0,0.0,6.7276,0.236,714.94,,,,,,,缺少销售价格,
M+1,2026-10-01,乌精65,94.64,14.335,65.0,9.0,-1.5,6.7276,0.236,674.34,853.0,852.0,854.0,178.66,177.66,179.66,正常,
M+1,2026-10-01,PB块,94.64,14.335,61.6,4.0,0.0,6.7276,0.236,824.64,860.0,855.0,865.0,35.36,30.36,40.36,正常,
M+1,2026-10-01,纽曼块,94.64,14.335,62.0,4.1,0.0,6.7276,0.236,838.06,867.0,863.0,871.0,28.94,24.94,32.94,正常,
M+1,2026-10-01,SP10块,94.64,14.335,58.7,4.2,0.044,6.7276,0.236,765.11,,,,,,,缺少销售价格,
M+1,2026-10-01,罗伊山块,94.64,14.335,60.5,4.8,0.028,6.7276,0.236,791.0,822.5,835.0,810.0,31.5,44.0,19.0,正常,
M+2,2026-11-01,PB粉,94.86,14.335,60.8,8.8,0.0,6.7276,0.236,686.83,673.0,665.0,681.0,-13.83,-21.83,-5.83,正常,
M+2,2026-11-01,纽曼粉,94.86,14.335,61.2,8.3,-0.42,6.7276,0.236,690.53,,,,,,,缺少销售价格,
M+2,2026-11-01,麦克粉,94.86,14.335,60.5,8.5,-0.27,6.7276,0.236,684.04,672.0,665.0,679.0,-12.04,-19.04,-5.04,正常,
M+2,2026-11-01,金布巴粉,94.86,14.335,60.3,7.6,-3.8,6.7276,0.236,662.78,664.5,655.0,674.0,1.72,-7.78,11.22,正常,
M+2,2026-11-01,罗伊山粉,94.86,14.335,60.7,9.0,0.0,6.7276,0.236,684.73,660.0,656.0,664.0,-24.73,-28.73,-20.73,正常,
M+2,2026-11-01,巴混BRBF,94.86,14.335,63.0,7.5,0.0,6.7276,0.236,707.82,727.5,721.0,734.0,19.68,13.18,26.18,正常,
M+2,2026-11-01,SP10粉,94.86,14.335,56.5,7.5,0.105,6.7276,0.236,601.12,,,,,,,缺少销售价格,
M+2,2026-11-01,混合粉,94.86,14.335,58.2,8.0,0.0675,6.7276,0.236,632.29,634.0,633.0,635.0,1.71,0.71,2.71,正常,
M+2,2026-11-01,超特粉,94.86,14.335,56.5,9.5,0.21,6.7276,0.236,538.08,539.0,533.0,545.0,0.92,-5.08,6.92,正常,
M+2,2026-11-01,IOC6粉,94.86,14.335,61.5,9.0,-5.6,6.7276,0.236,652.88,664.0,654.0,674.0,11.12,1.12,21.12,正常,
M+2,2026-11-01,印粉57,94.86,14.335,57.0,8.0,0.0,6.7276,0.236,657.09,515.5,527.0,504.0,-141.59,-130.09,-153.09,正常,
M+2,2026-11-01,印粉54,94.86,14.335,54.5,9.0,0.0,6.7276,0.236,628.98,,,,,,,缺少销售价格,
M+2,2026-11-01,卡粉,94.86,14.335,65.0,8.5,0.0,6.7276,0.236,689.85,842.0,840.0,844.0,152.15,150.15,154.15,正常,
M+2,2026-11-01,乌精68,94.86,14.335,68.0,9.0,0.0,6.7276,0.236,716.53,,,,,,,缺少销售价格,
M+2,2026-11-01,乌精65,94.86,14.335,65.0,9.0,-1.5,6.7276,0.236,675.86,853.0,852.0,854.0,177.14,176.14,178.14,正常,
M+2,2026-11-01,PB块,94.86,14.335,61.6,4.0,0.0,6.7276,0.236,826.26,860.0,855.0,865.0,33.74,28.74,38.74,正常,
M+2,2026-11-01,纽曼块,94.86,14.335,62.0,4.1,0.0,6.7276,0.236,839.69,867.0,863.0,871.0,27.31,23.31,31.31,正常,
M+2,2026-11-01,SP10块,94.86,14.335,58.7,4.2,0.044,6.7276,0.236,766.58,,,,,,,缺少销售价格,
M+2,2026-11-01,罗伊山块,94.86,14.335,60.5,4.8,0.028,6.7276,0.236,792.53,822.5,835.0,810.0,29.97,42.47,17.47,正常,
M+3,2026-12-01,PB粉,95.03,14.335,60.8,8.8,0.0,6.7276,0.236,688.0,673.0,665.0,681.0,-15.0,-23.0,-7.0,正常,
M+3,2026-12-01,纽曼粉,95.03,14.335,61.2,8.3,-0.42,6.7276,0.236,691.72,,,,,,,缺少销售价格,
M+3,2026-12-01,麦克粉,95.03,14.335,60.5,8.5,-0.27,6.7276,0.236,685.21,672.0,665.0,679.0,-13.21,-20.21,-6.21,正常,
M+3,2026-12-01,金布巴粉,95.03,14.335,60.3,7.6,-3.8,6.7276,0.236,663.96,664.5,655.0,674.0,0.54,-8.96,10.04,正常,
M+3,2026-12-01,罗伊山粉,95.03,14.335,60.7,9.0,0.0,6.7276,0.236,685.9,660.0,656.0,664.0,-25.9,-29.9,-21.9,正常,
M+3,2026-12-01,巴混BRBF,95.03,14.335,63.0,7.5,0.0,6.7276,0.236,709.03,727.5,721.0,734.0,18.47,11.97,24.97,正常,
M+3,2026-12-01,SP10粉,95.03,14.335,56.5,7.5,0.105,6.7276,0.236,602.11,,,,,,,缺少销售价格,
M+3,2026-12-01,混合粉,95.03,14.335,58.2,8.0,0.0675,6.7276,0.236,633.35,634.0,633.0,635.0,0.65,-0.35,1.65,正常,
M+3,2026-12-01,超特粉,95.03,14.335,56.5,9.5,0.21,6.7276,0.236,538.94,539.0,533.0,545.0,0.06,-5.94,6.06,正常,
M+3,2026-12-01,IOC6粉,95.03,14.335,61.5,9.0,-5.6,6.7276,0.236,654.06,664.0,654.0,674.0,9.94,-0.06,19.94,正常,
M+3,2026-12-01,印粉57,95.03,14.335,57.0,8.0,0.0,6.7276,0.236,658.2,515.5,527.0,504.0,-142.7,-131.2,-154.2,正常,
M+3,2026-12-01,印粉54,95.03,14.335,54.5,9.0,0.0,6.7276,0.236,630.03,,,,,,,缺少销售价格,
M+3,2026-12-01,卡粉,95.03,14.335,65.0,8.5,0.0,6.7276,0.236,691.03,842.0,840.0,844.0,150.97,148.97,152.97,正常,
M+3,2026-12-01,乌精68,95.03,14.335,68.0,9.0,0.0,6.7276,0.236,717.76,,,,,,,缺少销售价格,
M+3,2026-12-01,乌精65,95.03,14.335,65.0,9.0,-1.5,6.7276,0.236,677.04,853.0,852.0,854.0,175.96,174.96,176.96,正常,
M+3,2026-12-01,PB块,95.03,14.335,61.6,4.0,0.0,6.7276,0.236,827.52,860.0,855.0,865.0,32.48,27.48,37.48,正常,
M+3,2026-12-01,纽曼块,95.03,14.335,62.0,4.1,0.0,6.7276,0.236,840.95,867.0,863.0,871.0,26.05,22.05,30.05,正常,
M+3,2026-12-01,SP10块,95.03,14.335,58.7,4.2,0.044,6.7276,0.236,767.72,,,,,,,缺少销售价格,
M+3,2026-12-01,罗伊山块,95.03,14.335,60.5,4.8,0.028,6.7276,0.236,793.72,822.5,835.0,810.0,28.78,41.28,16.28,正常,
