品种,Index价格,运费(BCI-C5),典型值铁,典型值水,折扣,汇率,进口成本,销售价_平均,销售价_RZ,销售价_TJ,进口利润,进口利润_RZ,进口利润_TJ,数据状态
PB粉,96.8,14.335,60.8,8.8,0.0,6.7315,700.62,673.0,665.0,681.0,-27.62,-35.62,-19.62,正常
纽曼粉,95.225,14.335,61.2,8.3,-0.62,6.7315,692.07,,,,,,,缺少销售价格
麦克粉,95.225,14.335,60.5,8.5,-0.12,6.7315,687.98,672.0,665.0,679.0,-15.98,-22.98,-8.98,正常
金布巴粉,93.8892,14.335,60.3,7.6,-4.05,6.7315,654.64,664.5,655.0,674.0,9.86,0.36,19.36,正常
罗伊山粉,96.8,14.335,60.7,9.0,0.0,6.7315,698.47,660.0,656.0,664.0,-38.47,-42.47,-34.47,正常
巴混BRBF,99.45,14.335,63.0,7.5,0.0,6.7315,741.03,727.5,721.0,734.0,-13.53,-20.03,-7.03,正常
SP10粉,96.8,14.335,56.5,7.5,0.143,6.7315,592.65,,,,,,,缺少销售价格
混合粉,95.225,14.335,58.2,8.0,0.0675,6.7315,634.91,634.0,633.0,635.0,-0.91,-1.91,0.09,正常
超特粉,95.225,14.335,56.5,9.5,0.21,6.7315,540.22,539.0,533.0,545.0,-1.22,-7.22,4.78,正常
IOC6粉,96.8,14.335,61.5,9.0,-5.6,6.7315,666.78,664.0,654.0,674.0,-2.78,-12.78,7.22,正常
印粉57,96.8,14.335,57.0,8.0,0.0,6.7315,530.36,515.5,527.0,504.0,-14.86,-3.36,-26.36,正常
印粉54,96.8,14.335,54.5,9.0,0.0,6.7315,641.33,,,,,,,缺少销售价格
卡粉,109.8,14.335,65.0,8.5,0.0,6.7315,794.21,842.0,840.0,844.0,47.79,45.79,49.79,正常
乌精68,109.8,14.335,68.0,9.0,0.0,6.7315,825.11,,,,,,,缺少销售价格
乌精65,109.8,14.335,65.0,9.0,-1.5,6.7315,779.65,853.0,852.0,854.0,73.35,72.35,74.35,正常
PB块,96.8,14.335,61.6,4.0,0.0,6.7315,841.03,860.0,855.0,865.0,18.97,13.97,23.97,正常
纽曼块,96.8,14.335,62.0,4.1,0.0,6.7315,854.54,867.0,863.0,871.0,12.46,8.46,16.46,正常
SP10块,96.8,14.335,58.7,4.2,0.045,6.7315,779.34,,,,,,,缺少销售价格
罗伊山块,96.8,14.335,60.5,4.8,0.028,6.7315,806.52,822.5,835.0,810.0,15.98,28.48,3.48,正常
