品种,3月前,2月前,1月前,上一个指数日,当月,下月,下2月,下3月
IOC6粉,715.56,672.2,,670.23,670.42,664.01,665.06,665.69
PB块,887.16,848.23,,849.44,849.78,842.78,843.89,844.55
PB粉,762.29,712.44,,704.34,704.52,698.16,699.19,699.81
SP10块,811.08,777.41,,789.45,789.61,784.04,785.05,785.65
SP10粉,643.67,580.77,,600.83,600.68,614.88,615.76,616.28
乌精65,818.93,808.97,799.82,799.19,693.27,686.89,687.93,688.55
乌精68,880.69,865.13,846.25,845.55,734.74,728.05,729.14,729.79
卡粉,847.63,832.67,814.53,813.85,707.35,700.92,701.97,702.59
印粉54,694.83,650.46,,647.49,647.49,641.95,642.88,643.44
印粉57,564.78,522.63,,544.04,675.2,669.26,670.24,670.83
巴混BRBF,795.24,781.62,756.31,760.89,725.8,719.2,720.27,720.91
混合粉,683.26,633.91,,643.74,650.75,645.17,646.1,646.66
纽曼块,900.1,861.07,,864.48,864.73,857.78,858.89,859.56
纽曼粉,757.76,709.88,,698.66,706.73,700.28,701.32,701.95
罗伊山块,849.39,812.64,,815.92,816.15,809.6,810.65,811.28
罗伊山粉,759.84,710.19,,702.27,702.45,696.11,697.15,697.77
超特粉,605.03,569.07,,552.5,557.87,553.64,554.39,554.84
金布巴粉,722.16,665.43,,664.97,678.67,672.29,673.34,673.96
麦克粉,750.61,701.83,,694.85,702.79,696.44,697.47,698.09
